{
  "kind": "collectionType",
  "collectionName": "colors",
  "info": {
    "singularName": "color",
    "pluralName": "colors",
    "displayName": "color",
    "description": ""
  },
  "options": {
    "draftAndPublish": true
  },
  "pluginOptions": {},
  "attributes": {
    "Color_name": {
      "type": "string"
    },
    "Image": {
      "type": "media",
      "multiple": false,
      "required": false,
      "allowedTypes": [
        "images",
        "files",
        "videos",
        "audios"
      ]
    },
    "Model_name": {
      "type": "relation",
      "relation": "manyToOne",
      "target": "api::model.model",
      "inversedBy": "Modelname"
    },
    "Color_ID": {
      "type": "string"
    },
    "inventories": {
      "type": "relation",
      "relation": "oneToMany",
      "target": "api::inventory.inventory",
      "mappedBy": "Color_name"
    }
  }
}
