{
  "kind": "collectionType",
  "collectionName": "category_sliders",
  "info": {
    "singularName": "category-slider",
    "pluralName": "category-sliders",
    "displayName": "categorySlider"
  },
  "options": {
    "draftAndPublish": true
  },
  "pluginOptions": {},
  "attributes": {
    "name": {
      "type": "string"
    },
    "image": {
      "allowedTypes": [
        "images",
        "files",
        "videos",
        "audios"
      ],
      "type": "media",
      "multiple": false
    },
    "type": {
      "type": "enumeration",
      "enum": [
        "home",
        "banner"
      ]
    }
  }
}
