{
  "kind": "collectionType",
  "collectionName": "models",
  "info": {
    "singularName": "model",
    "pluralName": "models",
    "displayName": "model",
    "description": ""
  },
  "options": {
    "draftAndPublish": true
  },
  "pluginOptions": {},
  "attributes": {
    "Model": {
      "type": "string"
    },
    "Name": {
      "type": "string"
    },
    "Price": {
      "type": "string"
    },
    "Quantity": {
      "type": "integer"
    },
    "Features": {
      "type": "json"
    },
    "Modelname": {
      "type": "relation",
      "relation": "oneToMany",
      "target": "api::color.color",
      "mappedBy": "Model_name"
    },
    "Brand": {
      "type": "relation",
      "relation": "manyToOne",
      "target": "api::brand.brand",
      "inversedBy": "models"
    },
    "inventories": {
      "type": "relation",
      "relation": "oneToMany",
      "target": "api::inventory.inventory",
      "mappedBy": "Model_name"
    }
  }
}
