{
  "kind": "collectionType",
  "collectionName": "sales",
  "info": {
    "singularName": "sale",
    "pluralName": "sales",
    "displayName": "sale",
    "description": ""
  },
  "options": {
    "draftAndPublish": true
  },
  "attributes": {
    "serialnumber": {
      "type": "string"
    },
    "model": {
      "type": "string"
    },
    "imei1": {
      "type": "string"
    },
    "imei2": {
      "type": "string"
    },
    "customer": {
      "type": "string"
    },
    "supplier": {
      "type": "json"
    },
    "orderid": {
      "type": "string"
    },
    "storage": {
      "type": "string"
    },
    "color": {
      "type": "string"
    },
    "price": {
      "type": "string"
    }
  }
}
