{
  "kind": "collectionType",
  "collectionName": "image_sliders",
  "info": {
    "singularName": "image-slider",
    "pluralName": "image-sliders",
    "displayName": "imageSlider",
    "description": ""
  },
  "options": {
    "draftAndPublish": true
  },
  "pluginOptions": {},
  "attributes": {
    "name": {
      "type": "string"
    },
    "image": {
      "type": "media",
      "multiple": false,
      "required": false,
      "allowedTypes": [
        "images"
      ]
    },
    "type": {
      "type": "enumeration",
      "enum": [
        "home",
        "banner"
      ]
    }
  }
}
