{
  "kind": "collectionType",
  "collectionName": "brands",
  "info": {
    "singularName": "brand",
    "pluralName": "brands",
    "displayName": "Brand"
  },
  "options": {
    "draftAndPublish": true
  },
  "attributes": {
    "Brand": {
      "type": "string"
    },
    "Image": {
      "allowedTypes": [
        "images",
        "files",
        "videos",
        "audios"
      ],
      "type": "media",
      "multiple": false
    },
    "models": {
      "type": "relation",
      "relation": "oneToMany",
      "target": "api::model.model",
      "mappedBy": "Brand"
    },
    "inventories": {
      "type": "relation",
      "relation": "oneToMany",
      "target": "api::inventory.inventory",
      "mappedBy": "Brand"
    }
  }
}
