{
  "kind": "collectionType",
  "collectionName": "inventories",
  "info": {
    "singularName": "inventory",
    "pluralName": "inventories",
    "displayName": "inventory"
  },
  "options": {
    "draftAndPublish": true
  },
  "attributes": {
    
    "SerialNumber": {
      "type": "string"
    },
    "Model_ID": {
      "type": "relation",
      "relation": "manyToOne",
      "target": "api::model.model",
      "inversedBy": "inventories"
    },
    "IMEI_1": {
      "type": "string"
    },
    "IMEI_2": {
      "type": "string"
    },
    "Color_ID": {
      "type": "relation",
      "relation": "manyToOne",
      "target": "api::color.color",
      "inversedBy": "inventories"
    },
    "Storage": {
      "type": "string"
    },
    "Model_name": {
      "type": "relation",
      "relation": "manyToOne",
      "target": "api::model.model",
      "inversedBy": "inventories"
    },
    "Color_name": {
      "type": "relation",
      "relation": "manyToOne",
      "target": "api::color.color",
      "inversedBy": "inventories"
    },
    "Brand": {
      "type": "relation",
      "relation": "manyToOne",
      "target": "api::brand.brand",
      "inversedBy": "inventories"
    }
  }
}
