{
  "kind": "collectionType",
  "collectionName": "orderhistories",
  "info": {
    "singularName": "orderhistory",
    "pluralName": "orderhistories",
    "displayName": "orderhistory",
    "description": ""
  },
  "options": {
    "draftAndPublish": true
  },
  "attributes": {
    "orderid": {
      "type": "string"
    },
    "items": {
      "type": "json"
    },
    "username": {
      "type": "string"
    },
    "supplierdetails": {
      "type": "json"
    },
    "paymentMethod": {
      "type": "string"
    },
    "isdelivered": {
      "type": "boolean",
      "default": false
    }
  }
}
